{
  "ATL": {
    "pace": 100.52412843610962,
    "off_rating": 118.63969274590356,
    "def_rating": 107.95388762127534,
    "reb_pct": 50.24005153079364,
    "ast_pct": 57.269191597581845
  },
  "BOS": {
    "pace": 97.36495330935492,
    "off_rating": 114.98278201031007,
    "def_rating": 117.63483051004363,
    "reb_pct": 48.93400104682509,
    "ast_pct": 64.78125683736062
  },
  "BKN": {
    "pace": 104.72918454804322,
    "off_rating": 113.58951509567964,
    "def_rating": 108.85653370669574,
    "reb_pct": 50.14524615674976,
    "ast_pct": 58.24147194444332
  },
  "CHA": {
    "pace": 101.08707990687229,
    "off_rating": 105.41512080783681,
    "def_rating": 108.55035935447822,
    "reb_pct": 49.864626998722095,
    "ast_pct": 59.77916198758921
  },
  "CHI": {
    "pace": 96.3767190535907,
    "off_rating": 110.09750391152781,
    "def_rating": 112.5341894990564,
    "reb_pct": 51.01082200580734,
    "ast_pct": 64.09680886223884
  },
  "CLE": {
    "pace": 95.56655451693958,
    "off_rating": 108.63982455430641,
    "def_rating": 117.638416451094,
    "reb_pct": 49.9703680101086,
    "ast_pct": 59.77790766042835
  },
  "DAL": {
    "pace": 97.79028520620014,
    "off_rating": 106.77709323347152,
    "def_rating": 109.99527859054157,
    "reb_pct": 48.99947176634315,
    "ast_pct": 55.412979798002766
  },
  "DEN": {
    "pace": 103.55628927379719,
    "off_rating": 107.98272925866027,
    "def_rating": 119.77526299145012,
    "reb_pct": 51.3886890623961,
    "ast_pct": 62.16265785989919
  },
  "DET": {
    "pace": 95.2937662167931,
    "off_rating": 105.65378475163666,
    "def_rating": 111.4422121012895,
    "reb_pct": 48.87088956476549,
    "ast_pct": 58.923516369575154
  },
  "GSW": {
    "pace": 96.79420143628245,
    "off_rating": 117.83946123982068,
    "def_rating": 111.86137621868195,
    "reb_pct": 49.51061450715554,
    "ast_pct": 60.79742755434894
  },
  "HOU": {
    "pace": 96.87197663027922,
    "off_rating": 106.35326935698157,
    "def_rating": 119.46731247632303,
    "reb_pct": 49.231119315334645,
    "ast_pct": 60.49172753794648
  },
  "IND": {
    "pace": 98.80069993390147,
    "off_rating": 112.15510614224944,
    "def_rating": 114.37669061871004,
    "reb_pct": 51.51928954201093,
    "ast_pct": 64.86336690577093
  },
  "LAC": {
    "pace": 98.27762152580645,
    "off_rating": 111.94664901055809,
    "def_rating": 111.25398340318229,
    "reb_pct": 50.7262036113952,
    "ast_pct": 63.98971487278969
  },
  "LAL": {
    "pace": 100.96234190690494,
    "off_rating": 106.85785073515113,
    "def_rating": 117.6751097070192,
    "reb_pct": 49.09269544967675,
    "ast_pct": 58.72011419354867
  },
  "MEM": {
    "pace": 97.25547511229885,
    "off_rating": 109.14364525184371,
    "def_rating": 115.99346594090429,
    "reb_pct": 48.75906194569847,
    "ast_pct": 59.75856542435526
  },
  "MIA": {
    "pace": 95.32635181391981,
    "off_rating": 111.7500913201849,
    "def_rating": 108.96554433460864,
    "reb_pct": 49.92648645300846,
    "ast_pct": 58.10660322379719
  },
  "MIL": {
    "pace": 100.92620861066516,
    "off_rating": 117.78129096534535,
    "def_rating": 106.96999899836474,
    "reb_pct": 51.77300142258947,
    "ast_pct": 56.48699863372617
  },
  "MIN": {
    "pace": 99.20691976303057,
    "off_rating": 115.47602867026845,
    "def_rating": 117.83627042523912,
    "reb_pct": 49.854013908862086,
    "ast_pct": 64.96426054038687
  },
  "NOP": {
    "pace": 98.90849378990936,
    "off_rating": 118.25098192976475,
    "def_rating": 106.16207654942129,
    "reb_pct": 49.66113420473856,
    "ast_pct": 62.88702753692864
  },
  "NYK": {
    "pace": 104.05405010409439,
    "off_rating": 110.63450159850758,
    "def_rating": 119.45533750648312,
    "reb_pct": 49.21258675521395,
    "ast_pct": 56.81698322422442
  },
  "OKC": {
    "pace": 98.38309237634729,
    "off_rating": 118.4801284241857,
    "def_rating": 115.84599936354442,
    "reb_pct": 49.74768313634036,
    "ast_pct": 60.21621474930414
  },
  "ORL": {
    "pace": 100.57415904042821,
    "off_rating": 115.35359656487472,
    "def_rating": 109.54340706104763,
    "reb_pct": 49.24070485524519,
    "ast_pct": 63.681724195134585
  },
  "PHI": {
    "pace": 100.81393665277825,
    "off_rating": 110.65590159886965,
    "def_rating": 112.96602486583542,
    "reb_pct": 51.753834392684524,
    "ast_pct": 63.60325339852451
  },
  "PHX": {
    "pace": 100.08722136893923,
    "off_rating": 105.03333667215787,
    "def_rating": 111.62258304698175,
    "reb_pct": 51.867261651745544,
    "ast_pct": 57.338026926638264
  },
  "POR": {
    "pace": 104.17995380579,
    "off_rating": 113.8960441732919,
    "def_rating": 106.60581879684584,
    "reb_pct": 48.86425386591928,
    "ast_pct": 59.453178141331875
  },
  "SAC": {
    "pace": 100.07268442469226,
    "off_rating": 105.61257529366314,
    "def_rating": 109.27957474896257,
    "reb_pct": 51.14769312256583,
    "ast_pct": 58.18193189057504
  },
  "SAS": {
    "pace": 97.91905787747727,
    "off_rating": 117.86695960649872,
    "def_rating": 117.09516385623792,
    "reb_pct": 51.49153612130537,
    "ast_pct": 62.88662768826584
  },
  "TOR": {
    "pace": 97.98038047274024,
    "off_rating": 107.35003935277724,
    "def_rating": 113.37365724676123,
    "reb_pct": 50.80165732545921,
    "ast_pct": 57.291528188265524
  },
  "UTA": {
    "pace": 101.27971580532144,
    "off_rating": 110.75527620631124,
    "def_rating": 106.70530517484777,
    "reb_pct": 51.07248698994451,
    "ast_pct": 58.765891377919154
  },
  "WAS": {
    "pace": 97.92373621853089,
    "off_rating": 108.61069292040617,
    "def_rating": 111.63900016681951,
    "reb_pct": 48.97039869922957,
    "ast_pct": 63.991789153032215
  }
}